	board	thread_no	post_no	subject	author	email	tripcode	capcode	date	user_id	body
0	erobbs	1455644326	1	"Let's talk with Jim-san. Part34 [無断転載禁止]©bbspink.com	
"	名無し編集部員	sage			2016-02-17 02:38:46	NKjvzgVo	" このスレはピンクちゃんねるCEOで現2ch掌握者、ジムさんと英語でお話しようスレです 
英語できる人はできれば英語で書いてくださいな 
ジムさんはとってもやさしいので、文法とか単語のつづりが「かなり間違ってる」英語でも 
きっとわかってくれますよん 
念のため日本語の原文を添えてもらえれば状況に応じて支援あるかも 

英語はどうしても無理って人は日本語で 
文法が整ってる簡単な日本語はジムさんが翻訳して読んでくれます 

※:機械翻訳だけを書いても意味不明な場合がほとんどです 
　　機械翻訳の場合日本語を添えると優しい人が翻訳してくれるかもしれません 
※.立派な英文投函される方も日本語で本意を示しておくことを推奨(蚊帳の外ゲーム強行?) 

Jim-san cap handles; 
xerxes.maido3.net＠Apparently admin ★ 
酉割れの話もあるので現在はvip40011.maido3.netや 
111.68.39.236(111.68.36.0/22)などでホンモノ表示を行っています 

prev. thread 
Let's talk with Jim-san. Part33 [転載禁止]©bbspink.com 
http://nasu.bbspink.com/test/read.cgi/erobbs/1424161325/ 

ピンクちゃんねるCTO、Code Monkeyさんとお話ししたい方はこちらのスレで 
Let's talk with Code Monkey-san Part.4 
http://nasu.bbspink.com/test/read.cgi/erobbs/1401039505/"
1	erobbs	1455644326	2		名無し編集部員	sage			2016-02-18 00:47:34	rIvAJAWC	" 新板を作るつもりみたい？ 

245 ：<font color=#8B008B>Grape Ape ★</font> (★ **b8-StpO) ：2016/02/17(水) 20:45:35.07 ID:CAP_USER* 
私はいくつかの非常に良いアイデアを参照してください。私はいくつかのひどいが、面白いアイデアを参照してください。この議論が終わったとき、私に知らせてください。 
newspeedF？ 
http://o.8ch.net/7wwj.png 

http://fox.2ch.net/test/read.cgi/Poverty/1455611442/245"
2	erobbs	1455644326	3		名無し編集部員	sage			2016-02-18 03:05:59	Fj1mWWrs	 ここに英語で書いて申請すんの？
3	erobbs	1455644326	4		名無し編集部員	sage			2016-02-18 03:54:32	qIGD4PUJ	" こんな板欲しい　【申請所(正式)】 [無断転載禁止]©2ch.net 
http://carpenter.2ch.net/test/read.cgi/operatex/1455610886/"
4	erobbs	1455644326	5		名無し編集部員	sage			2016-02-18 21:07:45	Fj1mWWrs	" >>4 
そこに出てる中からいいと思ったのをここで英語で挙げてくのはどうか"
5	erobbs	1455644326	6		名無し編集部員				2016-02-19 19:23:15	KMkY8hb6	" jimさん 

drunker ★という無能記者が 
http://daily.2ch.net/test/read.cgi/newsplus/1455875646/ 
https://netatopi.jp/article/1001378.html 

ソースのない記事で何か月も継続スレを立てています 
個人の住所も書かれまくっています 

drunker ★のキャップを剥奪してください"
6	erobbs	1455644326	7		名無し編集部員	sage			2016-02-22 00:53:26	ZXgSkwjP	" 必死チェッカーみたいなもので 
ワッチョイをチェック出来るアプリありませんかー？"
7	erobbs	1455644326	8		名無し編集部員	sage			2016-02-22 07:42:53	WUfGUHD+	" jimさん 

k５と云う２ちゃんねる屈指の荒らしがスレの立て逃げを繰り返して迷惑なんです 
どうにかして下さい"
8	erobbs	1455644326	9		名無し編集部員	sage			2016-02-22 08:14:56	nzt8yPFA	" >>6 
くたばれよ 



黒木ぼけ"
9	erobbs	1455644326	10		名無し編集部員				2016-02-22 13:33:18	SYFn9AWK	" >>6 
よっ! 
千葉県我孫子市新木野の黒木真一郎！ 
元気？？"
10	erobbs	1455644326	11		mobility o				2016-02-24 13:28:12	Ewp80dP7	 Gjejdjfj
11	erobbs	1455644326	12		名無し編集部員	sage			2016-03-01 01:07:28	ASxe2JFR	" VIPのデフォルトsage廃止とsoko廃止をお願いしたいです･･･ 
これによりVIPのスレが伸びなく色んなスレに分かれてしまいスレが伸びにくくなってます。 
どこで頼んでもいい返事を貰えなかったので… 

これからもVIPで楽しむためにお願い致します･･･"
12	erobbs	1455644326	13		名無し編集部員				2016-03-01 13:18:20	gv03vasu	" アフィカスってみんな同じ事を言うよね 
そして顔を真っ赤にしてレスしてくる"
13	erobbs	1455644326	14		名無し編集部員	sage			2016-03-01 23:41:17	WyXZQrUp	" Translation. 

>>12 
Could you please abandon the default sage feature at the VIP board, as well as the sako feature? 
These features make comments there dispersed and are preventing worthy threads from growing. 
We have tried to ask at various places but have received no good answer so far. 

We hope you grant our wish so that we can continue enjoying our time there."
14	erobbs	1455644326	15		名無し編集部員	sage			2016-03-01 23:45:31	WyXZQrUp	" Translation. 

>>8 
Jim-san, 

The most notorious troll in the 2ch community named k5 has been cousing us lots of trouble and there is nothing we can do about it. 
Could you please help us?"
15	erobbs	1455644326	16		名無し編集部員	sage			2016-03-01 23:51:29	cu4VyQLI	" >>14 
Thank you"
16	erobbs	1455644326	17		名無し編集部員	age			2016-03-20 21:21:14	q2ju5W4C	" I am a resident of poverty. Residents are in trouble. By management's tyranny. This remains a very painful. Please to talk with us to come to this thread. Nice to meet you. 
↓ 
【緊急】スレ立てBe緊急集合！MangoのVIP931システムのせいでまともにスレを立てられない [無断転載禁止]©2ch.net  [781232929] 
http://fox.2ch.net/test/read.cgi/poverty/1458475750/"
17	erobbs	1455644326	18		名無し編集部員				2016-03-26 10:45:00	7VNXDdV1	" Jim　ftp　Delete 

http://yomogi.2ch.net/test/read.cgi/kaden/1428649436/7 
ftp"
18	erobbs	1455644326	19		名無し編集部員	sage			2016-03-26 13:50:51	awhI+XDo	" My name is Toshiaki.I am President of the Love Live! board. 

These threads are closed  in three minutes . It is wrong to think population of the Love Live! board . 
You must be changing the 20 res to 5 res. 

ラブライブ！ 
http://karma.2ch.net/lovelive/"
19	erobbs	1455644326	20		名無し編集部員	sage			2016-03-26 13:58:26	wPm8Za/G	" >>19 
ごみあき帰れ"
20	erobbs	1455644326	21		名無し編集部員	sage			2016-03-26 15:12:31	/BwMEnKy	 no change  love  live   board .
21	erobbs	1455644326	22		名無し編集部員	sage			2016-03-29 22:47:54	gPIXTvbm	" It seems that Fox-san had been denied from touching 2ch/pink servers 
since middle of this month (his password stopped working, he said). 

Did you fired him?"
22	erobbs	1455644326	23		名無し編集部員	sage			2016-04-05 23:58:24	bU99fROj	 地下アイドル板の浪人持ちがスレ埋め荒らしをしてるんだけど(´・ω・｀)
23	erobbs	1455644326	24		名無し編集部員				2016-04-15 22:54:10	l6oBCJYR	 test
24	erobbs	1455644326	25		名無し編集部員				2016-04-15 22:58:31	l6oBCJYR	" jane styleから 
最近、頻繁にサーバ負荷軽減の為○○秒お待ちくださいって出るんだけど何が悪いの？"
25	erobbs	1455644326	26		名無し編集部員				2016-04-16 02:56:55	zZAR5u7P	 ここに書くより製造元に問い合わせろよw
26	erobbs	1455644326	27		名無し編集部員	sage			2016-04-17 22:46:27	az281t4f	 全板SLIP導入してください。
27	erobbs	1455644326	28		名無し編集部員	sage			2016-05-13 03:08:10	/BGiuG/8	" / 
http://premium.2ch.net/ 

どこで質問していいかわからないのでここで聞きますが 
浪人とプレミアムってどう違うんでしょうか？ 
見比べてみてもあまり換わらないような気がするのです"
28	erobbs	1455644326	29		名無し編集部員	sage			2016-05-13 15:22:35	Zyl7VNDT	" >>28 
こちらで質問を 
浪人総合スレ★19 
http://carpenter.2ch.net/test/read.cgi/operatex/1460097880/"
29	erobbs	1455644326	30		名無し編集部員				2016-05-15 13:11:54	i1aQdtPh	" Hello. Jim-san. 

qa board. http://hanabi.2ch.net/qa/SETTING.TXT 
BE_TYPE2 disappeared in 11/18/2015. 
Please return BBS_BE_TYPE2=checked. 

past SETTING.TXT 
https://web.archive.org/web/20140502205356/http://ikura.2ch.net/qa/SETTING.TXT 

Thread after Disappearance 
http://qb5.2ch.net/test/read.cgi/saku/1295736433/72-93"
30	erobbs	1455644326	31		名無し編集部員	sage			2016-05-18 12:16:02	VPBZvEHg	" A plan for the problem of troll. 

A new IP address doesn't permit to write in 2ch in a first accessed day. 
It can write the next day. 
When a thread of 2ch is made, 
the person who make the thread set the number of comments able to be written by one person in one day."
31	erobbs	1455644326	32		名無し編集部員	sage			2016-05-18 13:44:11	VPBZvEHg	 I'm sorry, I made mistakes in writing
32	erobbs	1455644326	33		名無し編集部員	sage			2016-05-18 13:44:59	VPBZvEHg	" I'm sorry, I made mistakes in writing. 
I make a revision. 

A plan for the problem of troll. 

A new IP address isn't permitted to write in 2ch in a first accessed day. 
It can write the next day. 
When a thread of 2ch is made, 
the person who makes the thread set the number of comments able to be written by one person in one day."
33	erobbs	1455644326	34		名無し編集部員	sage			2016-05-19 15:25:01	SRXxwwiw	" >>33 
And a board of 2ch has the number of comments that are able to be written by one person in one day in the board."
34	erobbs	1455644326	35		名無し編集部員				2016-05-23 01:53:46	q1lS1iKU	" http://dig.2ch.net/friends/ 
What's this page?"
35	erobbs	1455644326	36		名無し編集部員	sage			2016-05-23 11:56:40	BsDGi29S	" Hello.jim-san. 

We are in trouble because  here annoying person is present  . 
because I want to use this BBS I want to borrow your power . 
We hope the introduction of  slip. 

Used recycling 
http://hayabusa6.2ch.net/used/"
36	erobbs	1455644326	37		名無し編集部員				2016-05-24 00:51:20	ZaDA1zh2	" Jimさんへ 
wcomicです 

こらこら担当が行方不明なので爆撃系の荒らしが暴れ放題です 
浪人●の悪用なのでBANしてカード利用なら同じ人物が購入できないようにしてください 

最近の被害スレ 
http://hanabi.2ch.net/test/read.cgi/wcomic/1463998732/ 
http://hanabi.2ch.net/test/read.cgi/wcomic/1463920200/ 
http://hanabi.2ch.net/test/read.cgi/wcomic/1463784751/ 

規制履歴 
http://qb5.2ch.net/test/read.cgi/sec2ch/1420717193/515 
>●kdVV05L81FXOfRQJ を規制 

よろしくお願いします"
37	erobbs	1455644326	38		名無し編集部員	sage			2016-05-24 10:55:25	5kUJc+La	" >>33 
(wrong) It can write the next day. 
(right) It can write one month later."
38	erobbs	1455644326	39		名無し編集部員	sage			2016-05-25 15:03:04	C07HNkXQ	" こんにちはJIM 
ひろゆきが、2ch.netのドメイン所有者といいか判決がでました 
ほとんどの利用者は、2chのネーミングにはこだわっていません 
今のうちに、別のドメインをとり、角板でその告知スレを常にトップにくるようにし、着々と板設定をチェンジしていくべきです 
ドメイン名は、JIM chでも9chでもコードモンキーでもJIMのペットの名前でも良いです 
ひろゆきが運営していた頃より、JIMが運営している今の方が利用者にとっては快適です 
素早い対応を希望します"
39	erobbs	1455644326	40			sage	piKZtNDi9c		2016-05-25 16:20:23	6Zgdzo8S	" Dear Jim-san 

We are 801板（http://nasu.bbspink.com/801/） 
We hope the introduction of BBS_USE_VIPQ2=2 
http://nasu.bbspink.com/801/SETTING.TXT 
http://nasu.bbspink.com/801/head.txt 

1、The board URL 
http://nasu.bbspink.com/801/ 

2、Discussion thread 
http://nasu.bbspink.com/test/read.cgi/801/1399654016/69-129 

3、Reason for change 
Troll continue to write the induction URL to the illegal sites.  
In addition, such as information exchange and discussion is hindered. 

4、Changes we wish 
板設定新規(board of new setting) 
BBS_USE_VIPQ2=2 

We would be very happy if you could accept our hope. 
Thank you."
40	erobbs	1455644326	41		名無し編集部員				2016-05-25 19:03:18	8SVgL+hZ	" >>37 
同一荒らし継続中、至急対応お願いします 

http://hanabi.2ch.net/test/read.cgi/wcomic/1463662403/ 
http://hanabi.2ch.net/test/read.cgi/wcomic/1463761553/ 
http://hanabi.2ch.net/test/read.cgi/wcomic/1464017261/ 
http://hanabi.2ch.net/test/read.cgi/wcomic/1464098899/ 
http://hanabi.2ch.net/test/read.cgi/wcomic/1464101856/"
41	erobbs	1455644326	42		名無し編集部員	sage			2016-05-26 11:18:07	a4ouKK/I	" Japanese people must show polite face in public. 
Japanese people can show their true colors only in 2ch. 
If they do without anonymity,they come to a bad end. 
This is the only reason for 2ch's existence."
42	erobbs	1455644326	43					大のBanana	2016-05-30 16:44:36	CAP_USER	" >>40 

VIPQ2=2の適用は非常に重要な変更の為、保留とさせて頂きたい。 
但し、荒らし被害が多い事を深く受け止めているので運営側で重点監視対象板とします。"
43	erobbs	1455644326	44		名無し編集部員	sage			2016-05-31 12:13:25	0434XFq0	" I'm grateful that the US gave Japan democracy. 
And I'm grateful to Jim-san for his efforts to maintain the democracy working properly 
by giving a place to speak freely without worries."
44	erobbs	1455644326	45			sage	piKZtNDi9c		2016-05-31 22:30:29	jX6xbNhY	" >>43 
ひとまず「保留」と「重点監視対象板」との返答を持ち帰ります 
ありがとうございました 
他板でのVIPQ2=2適用により荒らせなくなった荒らしが当板に流入してるとの見方もあり 
違法URLを貼り続けるなどスルーでは許されない行為も多く、申請に至ったことを御理解ください"
45	erobbs	1455644326	46		名無し編集部員	sage			2016-06-02 12:13:46	NFVMV4Je	" Personal information including IP addresses is leaking out of websites, for example Internet stores. 
Files on Personal information are traded at a high price in Japan."
46	erobbs	1455644326	47		名無し編集部員				2016-06-04 00:11:27	Q4w62XEg	" Hello webmasters, 

荒らしがひどいため、文学板にもVIPQ2を導入し、slipコマンドが使用できるようにしてほしいです 

荒らしの例  ↓ 
http://echo.2ch.net/test/read.cgi/book/1453364470/ 

よろしく"
47	erobbs	1455644326	48		名無し編集部員	sage			2016-06-04 12:11:13	5mnliION	" Activists are a few, but make a decision by their debate. 
Most people believe in slick talkers, but don't think by themselves about it. 
Most people aren't aware of the real consequence of the decision until it happens. 
Most people think and act when it happens."
48	erobbs	1455644326	49		名無し編集部員	sage			2016-06-06 22:00:12	NW9wRPbR	" 運営が仕事しない理由を説明してくれ？ 

Could you tell us why management staffs donot  theie jobs for these three manths?"
49	erobbs	1455644326	50		名無し編集部員	sage			2016-06-14 17:48:47	eBuDxgJU	" Please don't trust a voting with fusianasan revealing IP addresses. 
Almost people don't vote, because they are afraid of revealing their IP addresses. 
A few people who do not care about revealing IP addresses win the vote."
50	erobbs	1455644326	51		名無し編集部員				2016-06-14 23:57:17	uSRDK1e+	" 2ch is transferred to the 5ch. 
Is this true?"
51	erobbs	1455644326	52		名無し編集部員	sage			2016-06-21 20:41:28	KkWe4q7u	" Hi! Jim-san. 
Please introduction watchoi “大人の同性愛”. 
Because, they were written political-talk by ‘arashi’."
52	erobbs	1455644326	53				mb4IYpEs3qQB		2016-06-23 19:01:38	WD5GKlQ8	" Hello Jim-san. 
It is proposed. 
We want a new board. 
(Board name) 欅坂46 keyakizaka46 
https://ja.wikipedia.org/wiki/%E6%AC%85%E5%9D%8246 
(Reason) It is a popular idol in Japan. 
Thread of keyakizaka46 are many. 
http://dig.2ch.net/?keywords=%E6%AC%85%E5%9D%82 
(Folder) keyakizaka 
(Category) アイドル 

Discussion thread 
http://echo.2ch.net/test/read.cgi/nogizaka/1458107670/"
53	erobbs	1455644326	54		名無し編集部員				2016-06-23 19:29:34	F+jC3gqy	" folder name ""keyakizaka"" is too long"
54	erobbs	1455644326	55				mb4IYpEs3qQB		2016-06-24 07:31:36	ZTHV6kEO	" >>53 >>54 
Proposal of the folder name ""keyakizaka"" or ""keyaki"" or ""kyk"""
55	erobbs	1455644326	56		名無し編集部員	sage			2016-06-25 15:35:47	/uJK5epw	" http://hanabi.2ch.net/morningcoffee/ 
とかもあるんだし、変に短縮するのもどうかと"
56	erobbs	1455644326	57		名無し編集部員				2016-06-25 15:54:16	FSK9HmP7	 文字数の制限とか無いよね
57	erobbs	1455644326	58		名無し編集部員				2016-06-29 10:28:38	eD86ZMCe	" >>53 

欅坂46板出来てるぞ 

http://wc2014.2ch.net/keyakizaka46/"
58	erobbs	1455644326	59				mb4IYpEs3qQB		2016-06-29 11:09:50	0EkkMC3W	" I am keyakizaka46 board user. 
Thank you very much. Jim-san."
59	erobbs	1455644326	60		名無し編集部員	sage			2016-06-29 22:13:48	is1rD0he	" ちょいMr.Jim-sanに新設板(隔離板とも言う)の頼み事でもしようかな 
以下から拙い英語 
------------------ 
Hi Jim-san.Please read this(↓) res. ok? 
http://qb5.2ch.net/test/read.cgi/operate/1465456688/17-19/"
60	erobbs	1455644326	61		名無し編集部員				2016-06-29 22:42:11	l0w2rVWm	 twitterでJimに声かけてみるといいぞ
61	erobbs	1455644326	62				5qCR9fI2mlKG		2016-07-01 18:58:04	Imr06lCx	" It is demand. 
Please create a new board. 
【板名】(Board name) Cosplayer コスプレイヤー 
【理由】(Reason) The 2ch, there is CosplayBBS. http://tamae.2ch.net/cosp/ 
CosplayBBS is not a BBS dealing with cosplayers person. 
We want BBS dealing with the topic of cosplayers person. 
Famous cosplayers are many. It is just as popular as the idol. 
SNS of cosplayers is popular in Japan. http://www.cosp.jp/ 
【フォルダ】(Folder) cosplayer 
【カテゴリ】(Category) 漫画・小説等"
62	erobbs	1455644326	63		名無し編集部員				2016-07-02 14:46:14	e22grNbo	" ENGLISH板のBBS_USE_VIPQ2は現在0であるようですが 
つい最近までの同板のBBS_SLIPの「低さ」を考慮するならば 
BBS_USE_VIPQ2は2ぐらいであるのが適切ではないかと思うのですが 
いかかでしょうか？ 

tl;dr 
BBS_USE_VIPQ2 of ENGLISH board should not be 0 but 2."
63	erobbs	1455644326	64					Grape Ape	2016-07-02 22:15:04	CAP_USER	" >>62 
多分ここです、大丈夫。 
http://mercury.bbspink.com/erocosp/"
64	erobbs	1455644326	65				5qCR9fI2mlKG		2016-07-02 22:32:25	LpC5Kz0M	" >>64 
Thank you for your reply. 
BBSPINK is a BBS for adult males. 
erocospBBS the content is erotic. 
We want CosplayerBBS for all ages. 
Cosplayers fan. Women and high school students are many."
65	erobbs	1455644326	66		名無し編集部員	sage			2016-07-02 22:40:49	1PVSxRWV	" >>64 
Hello Mr.Jim-San 

Prease read at >>60 

Thank You."
66	erobbs	1455644326	67					GLUCOSE	2016-07-04 16:12:55	CAP_USER	" >>62 
出来たみたいだね 

・コスプレイヤー 
http://krsw.2ch.net/cosplayer/"
67	erobbs	1455644326	68		名無し編集部員				2016-07-04 16:25:12	L3Ale8TF	 直訴すれば作ってくれるですね
68	erobbs	1455644326	69		名無し編集部員				2016-07-05 01:04:16	rpx2xV3o	" >Jim AKA Grape Ape 
Dear Sir, 

May I ask you a favor? 
About adding boards to other categories."
69	erobbs	1455644326	70		名無し編集部員	sage			2016-07-13 09:36:42	PVlSQvpy	" http://mercury.bbspink.com/ascii2d/ 

Please change BBS_USE_VIPQ2=2 to BBS_USE_VIPQ2=0 
When it's being left without changing it, there isn't a resident any more."
70	erobbs	1455644326	71		名無し編集部員	sage			2016-07-13 12:43:53	e9+ueu5y	" Please 
It's already the limit of the endurance."
71	erobbs	1455644326	72		名無し編集部員	sage			2016-07-15 09:44:02	Gdatbvnq	" http://mercury.bbspink.com/ascii2d/ 

変更依頼 
BBS_USE_VIPQ2=2 → BBS_USE_VIPQ2=0 

SLIPを使用した浪人持ちの荒らしが暴れ住民が減り続けていますので廃止して下さい 
そろそろ我慢の限界です 

BBS_USE_VIPQ2=2->  Please change it to BBS_USE_VIPQ2=0. 
A resident keeps decreasing by a cause of wasting with SLIP. 
Please abolish. 
It's the limit of the endurance by and by."
72	erobbs	1455644326	73		名無し編集部員	sage			2016-07-15 10:07:44	WNq7AKIq	" 荒らしがひどいなら 

BBS_USE_VIPQ2=0 
BBS_SLIP=vvvvv 

が 
いいでしょうな"
73	erobbs	1455644326	74		名無し編集部員	sage			2016-07-15 10:31:27	Gdatbvnq	" 無意味です 
廃止お願いします"
74	erobbs	1455644326	75		名無し編集部員	sage			2016-07-15 10:57:24	mCJkyKQA	" Wild TROLL appeared! 

TROLL used ""Please delete SLIP!!"" 

It's super effective!!"
75	erobbs	1455644326	76		名無し編集部員	sage			2016-07-17 06:08:16	6fBNuB5R	" >>72 
Please"
76	erobbs	1455644326	77		名無し編集部員	sage			2016-07-17 10:35:53	6Vbv6W1D	 nope
77	erobbs	1455644326	78				5mOMEX1uS/Im		2016-07-27 20:29:57	Z6uE33yN	" Dear Jim-san. 
I am a anime board user. 
We need two board. Please create. 

(Board name) ""Webアニメ・OVA"" Original net animation 
(Reason) This is the ""Original net animation"" in English. 
The Japanese have been called webanime. 
https://en.wikipedia.org/wiki/Original_net_animation 
https://ja.wikipedia.org/wiki/Web%E3%82%A2%E3%83%8B%E3%83%A1 
webanime In animeBBS is a non-subject. 
We are want BBS of webanime. 
(Folder) webanime 
(Category) 漫画・小説等 anime category 

(Board name) ""Web漫画・Web小説"" Webcomic & Webnovel  
(Reason) webcomic webnovel is very popular in Japan. 
Companies doing service there are more than 50 companies in Japan. 
https://en.wikipedia.org/wiki/Webcomic 
https://ja.wikipedia.org/wiki/%E6%97%A5%E6%9C%AC%E3%81%AE%E3%82%A6%E3%82%A7%E3%83%96%E3%82%B3%E3%83%9F%E3%83%83%E3%82%AF%E9%85%8D%E4%BF%A1%E3%82%B5%E3%82%A4%E3%83%88%E4%B8%80%E8%A6%A7 
(Folder) webcomicnovel 
(Category) 漫画・小説等 anime category"
78	erobbs	1455644326	79		名無し編集部員	sage			2016-07-27 22:09:36	4F+bhmNY	" Dear Jim-san. 
I'm a user of Cinema Board.(http://mint.2ch.net/cinema/) 
We discussed on implementation of Wacchoi(BBS_USE_VIPQ2=2). 
By a vote of 66-1, Wacchoi got suport from many people. 
We hope you consider it and  you make this board  more peaceful. 
Thank you. 

discussion thread 
http://mint.2ch.net/test/read.cgi/cinema/1456997511/ 
voting thread  http://tamae.2ch.net/test/read.cgi/vote/1469232804/ 
Post No.159  shows voting result. 
cinema board 
http://mint.2ch.net/cinema/"
79	erobbs	1455644326	80		名無し編集部員	sage			2016-07-27 22:16:34	4F+bhmNY	" Please look at the @midoriame725 
https://twitter.com/midoriame725/status/757402046848839680"
80	erobbs	1455644326	81				5mOMEX1uS/Im		2016-07-28 17:45:59	EWhoqTkj	" Supplement. 
bookallBBS http://echo.2ch.net/bookall/ ""文芸書籍サロン"" 
It is a literary salon in Japanese. 
The subject of this BBS is literary. 
Comics, manga is not a target. 
BBS that we are in need, 
It is WebComicsNovelBBS and WebAnimeBBS."
81	erobbs	1455644326	82		名無し編集部員				2016-07-28 19:30:24	v5clU113	 My anus feels itchy.
82	erobbs	1455644326	83		名無し編集部員	sage			2016-07-28 19:32:16	DEQQbdTH	" お 

https://twitter.com/xerxeswatkins/status/758602544998252545 
xerxeswatkins/Jim 2016/07/28(木) 18:58:35 via Twitter for Android 
http://itest.bbspink.com//test/read.cgi/erobbs/1455644326/81 @CodeMonkeyZ"
83	erobbs	1455644326	84				5mOMEX1uS/Im		2016-07-28 19:34:19	KjBjSgqy	" 作ってくれるか 
Please create. It is the anime category. 
/webanime/ 
/webcomicnovel/"
84	erobbs	1455644326	85		名無し編集部員	sage			2016-07-28 21:23:58	dcWneO1i	" Please check the thread. 
The thread is petition. 
This thread has been created by drunker. 
But one does not have checked. 

こんな板欲しい　【申請所(正式)】 [無断転載禁止]©2ch.net  
http://carpenter.2ch.net/test/read.cgi/operatex/1455610886/"
85	erobbs	1455644326	86		名無し編集部員				2016-07-29 15:25:24	gwHEK99a	 Jim-san. Let's talk!
86	erobbs	1455644326	87		名無し編集部員				2016-07-29 19:16:03	gwHEK99a	 新板作って欲しいですね
87	erobbs	1455644326	88		名無し編集部員	sage			2016-08-05 21:29:19	vvICMdHv	 Why do not start jobs?
88	erobbs	1455644326	89		名無し編集部員	sage			2016-08-06 22:46:09	Yn1TOxyq	 Come on!!!
89	erobbs	1455644326	90		名無し編集部員				2016-08-13 07:49:29	VyV3jIOS	" Ronin Vicious wasting 
1. The act which wastes and accords with that by a script 
2. Multiple posting 
3. The thread busting by KOPIPE 

1. スクリプトによる荒らし、およびそれに準ずる行為 
2. マルチポスト 
3. コピペによるスレッド潰し 

http://mercury.bbspink.com/test/read.cgi/ascii2d/1470873245/117 2016/08/12(金) 22:15:07.88 
http://mercury.bbspink.com/test/read.cgi/ascii2d/1470873245/118 2016/08/12(金) 22:15:27.60 
http://mercury.bbspink.com/test/read.cgi/ascii2d/1470873245/119 2016/08/12(金) 22:15:44.81 
http://mercury.bbspink.com/test/read.cgi/ascii2d/1470873245/120 2016/08/12(金) 22:16:02.91 
http://mercury.bbspink.com/test/read.cgi/ascii2d/1470873245/121 2016/08/12(金) 22:20:22.56 
http://mercury.bbspink.com/test/read.cgi/ascii2d/1470873245/122 2016/08/12(金) 22:20:52.38 
http://mercury.bbspink.com/test/read.cgi/ascii2d/1470873245/123 2016/08/13(土) 01:10:20.18 
http://mercury.bbspink.com/test/read.cgi/ascii2d/1470873245/127 2016/08/13(土) 06:54:57.00 
http://mercury.bbspink.com/test/read.cgi/ascii2d/1470873245/128 2016/08/13(土) 06:55:10.16 
http://mercury.bbspink.com/test/read.cgi/ascii2d/1470873245/129 2016/08/13(土) 06:55:57.44 
http://mercury.bbspink.com/test/read.cgi/ascii2d/1470873245/130 2016/08/13(土) 06:56:35.07 
http://mercury.bbspink.com/test/read.cgi/ascii2d/1470873245/131 2016/08/13(土) 06:57:21.82 
http://mercury.bbspink.com/test/read.cgi/ascii2d/1470873245/132 2016/08/13(土) 06:58:16.24 
http://mercury.bbspink.com/test/read.cgi/ascii2d/1470873245/133 2016/08/13(土) 06:58:55.31 
http://mercury.bbspink.com/test/read.cgi/ascii2d/1470873245/134 2016/08/13(土) 06:59:50.64 
http://mercury.bbspink.com/test/read.cgi/ascii2d/1470873245/135 2016/08/13(土) 07:01:30.53 

●を使ってのあらしに対する規制 5 
http://qb5.2ch.net/test/read.cgi/sec2ch/1466334000/36-40 
http://qb5.2ch.net/test/read.cgi/sec2ch/1466334000/46 
と同じ人物による荒らし"
90	erobbs	1455644326	91		名無し編集部員	sage			2016-08-13 08:44:12	VyV3jIOS	" Ronin Vicious wasting 
1. The act which wastes and accords with that by a script 
2. Multiple posting 
3. The thread busting by KOPIPE 
1. スクリプトによる荒らし、およびそれに準ずる行為 
2. マルチポスト 
3. コピペによるスレッド潰し 

http://mercury.bbspink.com/test/read.cgi/ascii2d/1470873245/137 2016/08/13(土) 08:26:18.27 
http://mercury.bbspink.com/test/read.cgi/ascii2d/1470873245/138 2016/08/13(土) 08:26:31.11 
http://mercury.bbspink.com/test/read.cgi/ascii2d/1470873245/139 2016/08/13(土) 08:26:40.57 
http://mercury.bbspink.com/test/read.cgi/ascii2d/1470873245/140 2016/08/13(土) 08:26:49.50 
http://mercury.bbspink.com/test/read.cgi/ascii2d/1470873245/141 2016/08/13(土) 08:26:58.70 
http://mercury.bbspink.com/test/read.cgi/ascii2d/1470873245/142 2016/08/13(土) 08:29:44.03 
http://mercury.bbspink.com/test/read.cgi/ascii2d/1470873245/143 2016/08/13(土) 08:30:26.63 
http://mercury.bbspink.com/test/read.cgi/ascii2d/1470873245/144 2016/08/13(土) 08:31:29.28 
http://mercury.bbspink.com/test/read.cgi/ascii2d/1470873245/145 2016/08/13(土) 08:34:41.69 

Identical person 
●を使ってのあらしに対する規制 5 
http://qb5.2ch.net/test/read.cgi/sec2ch/1466334000/36-40 
http://qb5.2ch.net/test/read.cgi/sec2ch/1466334000/46 
と同じ人物による荒らし"
91	erobbs	1455644326	92		名無し編集部員	sage			2016-08-13 13:28:20	VyV3jIOS	" Ronin Vicious wasting 
1. The act which wastes and accords with that by a script 
2. Multiple posting 
3. The thread busting by KOPIPE 
1. スクリプトによる荒らし、およびそれに準ずる行為 
2. マルチポスト 
3. コピペによるスレッド潰し 

http://mercury.bbspink.com/test/read.cgi/ascii2d/1470873245/147 2016/08/13(土) 10:02:06.27 
http://mercury.bbspink.com/test/read.cgi/ascii2d/1470873245/150 2016/08/13(土) 13:01:47.46 ID:BFJW1UAma 
http://mercury.bbspink.com/test/read.cgi/ascii2d/1470873245/151 2016/08/13(土) 13:02:15.30 
http://mercury.bbspink.com/test/read.cgi/ascii2d/1470873245/152 2016/08/13(土) 13:02:48.83 
http://mercury.bbspink.com/test/read.cgi/ascii2d/1470873245/153 2016/08/13(土) 13:03:26.48 
http://mercury.bbspink.com/test/read.cgi/ascii2d/1470873245/154 2016/08/13(土) 13:03:42.30 

Identical person 
●を使ってのあらしに対する規制 5 
http://qb5.2ch.net/test/read.cgi/sec2ch/1466334000/36-40 
http://qb5.2ch.net/test/read.cgi/sec2ch/1466334000/46 
と同じ人物による荒らし"
92	erobbs	1455644326	93		名無し編集部員	sage			2016-08-15 08:46:54	Ryj8h4y1	" Ronin Vicious wasting 
1. The act which wastes and accords with that by a script 
2. Multiple posting 
3. The thread busting by KOPIPE 
1. スクリプトによる荒らし、およびそれに準ずる行為 
2. マルチポスト 
3. コピペによるスレッド潰し 

http://mercury.bbspink.com/test/read.cgi/ascii2d/1470873245/189 2016/08/15(月) 08:37:16.11 
http://mercury.bbspink.com/test/read.cgi/ascii2d/1470873245/190 2016/08/15(月) 08:37:56.11 
http://mercury.bbspink.com/test/read.cgi/ascii2d/1470873245/191 2016/08/15(月) 08:38:47.99 
http://mercury.bbspink.com/test/read.cgi/ascii2d/1470873245/192 2016/08/15(月) 08:39:05.06 

Identical person 
●を使ってのあらしに対する規制 5 
http://qb5.2ch.net/test/read.cgi/sec2ch/1466334000/36-40 
http://qb5.2ch.net/test/read.cgi/sec2ch/1466334000/46 
と同じ人物による荒らし"
93	erobbs	1455644326	94		名無し編集部員	sage			2016-08-17 22:25:13	RYe8uTSl	 Come on fuck in boy.
94	erobbs	1455644326	95		名無し編集部員	sage			2016-08-17 22:30:10	RYe8uTSl	" Please separete professional threads, because you are too naiive to operrate them. 

http://rio2016.2ch.net/sci/ 
http://rio2016.2ch.net/math/ 

Thank you, yours Japanease."
95	erobbs	1455644326	96		名無し編集部員	sage			2016-08-29 23:54:14	TeTSf4au	" Ronin Vicious wasting 
1. The act which wastes and accords with that by a script 
2. Multiple posting 
3. The thread busting by KOPIPE 

1. スクリプトによる荒らし、およびそれに準ずる行為 
2. マルチポスト 
3. コピペによるスレッド潰し 

http://mercury.bbspink.com/test/read.cgi/erocg/1462453318/643-　2016/08/25(木) 01:17:14.31 
http://mercury.bbspink.com/test/read.cgi/erocg/1465492457/283-　2016/08/25(木) 00:49:29.33 
http://mercury.bbspink.com/test/read.cgi/erocg/1472363323/5-　2016/08/29(月) 20:38:12.32 
http://mercury.bbspink.com/test/read.cgi/erocg/1472474996/7-　2016/08/29(月) 23:06:34.85 
http://mercury.bbspink.com/test/read.cgi/erocg/1472474469/5-15　2016/08/29(月) 22:49:15.01 
http://mercury.bbspink.com/test/read.cgi/erocg/1472474469/17-　2016/08/29(月) 22:50:43.03 
http://mercury.bbspink.com/test/read.cgi/erocg/1472366957/5-　2016/08/29(月) 20:12:14.48 
http://mercury.bbspink.com/test/read.cgi/erocg/1472479574/2-　2016/08/29(月) 23:08:55.26 
http://mercury.bbspink.com/test/read.cgi/erocg/1472478383/2-　2016/08/29(月) 22:50:25.96"
96	erobbs	1455644326	97		名無し編集部員	sage			2016-09-08 20:36:15	oFZ9Q33v	" Jimさんは夏休みなので一人にしてあげてくださいｗ 

667 名前：動け動けウゴウゴ２ちゃんねる[] 投稿日：2016/09/08(木) 13:43:45.37 ID:L38HLlVg0 [1/2] 
Jim is taking a rest now. 
Let's leave him alone. 

https://twitter.com/xerxeswatkins/status/773134632850108416"
97	erobbs	1455644326	98		名無し編集部員	sage			2016-09-20 23:40:17	z9KQ5+l+	" Hi Jim-san, 

We have come here to let you know about the situation the hikky board is currently in. 
The hikky board has been under severe attack for more than 2 years and the intensity of the attack has increased significantly since early this month. 
The total number of posts per day there had been around 1200 on average until early this month, including posts by the trolls, but it's now more than 5000 per day. 
It translates that more than 80% of the posts there are made by the trolls and more than 90% of the threads there are created by the trolls. 
They seem to be using bots to post auto-generated messages there. 

The trolls are being seen conducting similar distructive activities at different boards, such as the book board, mental health board and news related boards, in 2ch as well. 
Their persistent distructive activities severely damaged such boards, especially the hikky boards, leaving residents there leave 2ch itself. 

We decided to let kyou know the situation, here at your thread, because their attack is massive, very persistent (for more than 2 years) and across boards. 

We hope you take some measures to brings those boards back to normal. 

The attached file is the screenshot of the latest 25 boards created at the hikky baord. 
Among the threads, only one thread, shown in a green box, was created by residents there and the rest 24 threads, shown in orange boxes, were created by trolls. 
The trolls use bots to make their garbage threads afloat, by posting auto-generated messages in the threads, in order to destroy the functions of the board. 

http://i.imgur.com/D3OljDP.png"
98	erobbs	1455644326	99		名無し編集部員	sage			2016-09-21 05:15:49	5E3/avRr	" I'm >>98 

Out of the top 110 threads in the hikky board, only 3 threads were created by residents there (showin in the pictures below, with green boxes), one thread is a commercial thread by 2ch and the rest 106 threads were created by trolls. 

Threads No. 1 - 55 
http://i.imgur.com/YbAXY0d.png 

Threads No. 56 - 110 
http://i.imgur.com/JtOQhmU.png 

The attackers are using bot programs to make their meaningless threads afloat and to prevent the board from working. 

They are also mounting similar attacks on other boards in 2ch."
99	erobbs	1455644326	100		名無し編集部員	sage			2016-09-24 13:05:36	VY/KEW5+	" >>98 
Follow-up. I'm 98. 
The troll says his ronin got burned. 
Thank you, Jim-san! 

http://hanabi.2ch.net/test/read.cgi/hikky/1474515607/827,828,835-837"
100	erobbs	1455644326	101		名無し編集部員	sage			2016-09-24 13:07:29	VY/KEW5+	" >>98 
But, still, other trolls are posting auto-generated posts there by using bots."
101	erobbs	1455644326	102		名無し編集部員	sage			2016-09-24 15:47:17	VY/KEW5+	" >>98 
The troll has purchased another ronin and he has started creating garbage threads at the hikky board. 

He says ronin is like a cheating tool in a video game with which you can destroy the game to your heart content. 
The tool is sold at only 500 yen by the governing body and such games are destined to end their lives soon."
102	erobbs	1455644326	103		名無し編集部員	sage			2016-09-25 08:43:21	IZQdERDF	" >>102 
Follow-up. 

No new garbage threads have been created, except one thread, since I wrote >>100. 
Maybe the troll who is in charge of creating threads stopped his destructive activities following the ban of his ronin, and possibly he could create only one thread (the one thread) without ronin. 

Other trolls are still posting auto-generated messages using bots, but the board regained some calmness as no new garbage threads have been created. 

Thank you very much, Jim-san and other people, for the measures."
103	erobbs	1455644326	104		名無し編集部員	sage			2016-11-04 20:46:54	P5LWEjFz	" Hi Jim. 
Please change the configuration of the Physics board. 
Thank you. 

1, board name &URL of the bulletin board 
Physics 
http://wc2014.2ch.net/sci/ 

2, the thread which I discussed 
Argumented thread 
http://wc2014.2ch.net/test/read.cgi/sci/1461971668/1-195 

The thread that was damaged 
http://wc2014.2ch.net/test/read.cgi/sci/1459437411/ 
http://wc2014.2ch.net/test/read.cgi/sci/1456769973/ 
http://wc2014.2ch.net/test/read.cgi/sci/1442902631/ 
http://wc2014.2ch.net/test/read.cgi/sci/1447182508/ 
http://wc2014.2ch.net/test/read.cgi/sci/1332512085/ 
http://wc2014.2ch.net/test/read.cgi/sci/1330855987/ 
http://wc2014.2ch.net/test/read.cgi/sci/1435474062/ 
http://wc2014.2ch.net/test/read.cgi/sci/1461916272/ 
http://wc2014.2ch.net/test/read.cgi/sci/1455841636/ 
http://wc2014.2ch.net/test/read.cgi/sci/1447335673/ 
http://wc2014.2ch.net/test/read.cgi/sci/1456541345/ 

3, reason for change 
I damage it and self-playing and threads are jumbled up close together and take measures 

4, contents for change 
BBS_SLIP=vvvvv"
104	erobbs	1455644326	105		あさいち	sage			2016-11-20 03:50:02	4/f8X/Lz	 誕生日おめでとう！
105	erobbs	1455644326	106		名無し編集部員				2016-11-26 20:40:15	xa37bhtW	" Ｗhere is my melon points? 
I want you to return it to me as soon as possible."
106	erobbs	1455644326	107		名無し編集部員				2017-06-15 19:10:49	GNE/IMc+	" Ronin is outo of oreder now. 
Please recover."
107	erobbs	1455644326	108		名無し編集部員				2017-06-15 19:29:11	GNE/IMc+	 Was the specification changed?
108	erobbs	1455644326	109				CeW93PG4UUua		2017-08-26 03:29:55	q+EhEuV9	" Hello, Jim-san. I am an akb BBS user. 
We are in trouble. 
akb BBS setting is lost. 
Please correct. 
BBS_USE_VIPQ2 is disabled. 
It is inconvenient.  
http://rosie.2ch.net/akb/ 
http://rosie.2ch.net/akb/SETTING.TXT 

Error setting 
BBS_USE_VIPQ2= 

Correct setting 
BBS_USE_VIPQ2=4 
http://webcache.googleusercontent.com/search?q=cache:p9w1kJMuzAQJ:shiba.2ch.net/akb/SETTING.TXT+&cd=1&hl=en&ct=clnk&gl=jp 

User's voice thread 
【悲報】地下アイドル板で!extend:コマンドが使えなくなる 
http://rosie.2ch.net/test/read.cgi/akb/1503653990/ 

Please enable VIPQ2. Useful commands can not be used. The user is in trouble. 
Command to reduce troll, can not be used. 
http://info.2ch.net/index.php/%E6%96%B0%E7%94%9FVIPQ2 

SKE48 thread 
IP display can be used yesterday. 
http://rosie.2ch.net/test/read.cgi/akb/1503630921/ 
Currently, IP display can not be used. 
http://rosie.2ch.net/test/read.cgi/akb/1503679350/"
109	erobbs	1455644326	110		名無し編集部員	sage			2017-08-29 02:18:57	OAMpkSiF	" Hello,Jim-san. 
I want you to change configuration of future board. Let us feel comfortable and keep us stay in 2ch. 

0.Here is setting file. 
http://rio2016.2ch.net/future/SETTING.TXT 
1. Board name and URL. 
未来技術 
http://rio2016.2ch.net/future/ 

2. Thread where debated about changes. 
未来技術板 自治スレッド 
http://rio2016.2ch.net/test/read.cgi/future/1454376393/ 

3. Reason 
Counter measures for people who are abusing our threads. 

4.Requested Changes 
Before: 
BBS_SLIP=未定義 
After: 
BBS_SLIP=vvvvvv 

Thank you and I hope Jim-san concern this problem seriously. We're in trouble."
110	erobbs	1455644326	111		うふ〜ん	うふ〜ん				NG	うふ〜ん
111	erobbs	1455644326	112		薫		KAorU/M./QDl		2017-11-05 06:11:41	kO4rdacw	 Hi, Jim-san!
112	erobbs	1455644326	113					ジム＠ヨガピッグ	2017-11-06 10:12:13	CAP_USER	" >>112 
おはようございます"
113	erobbs	1455644326	114		薫		KAorU/M./QDl	薫	2017-11-06 14:25:33	CAP_USER	 おはよう、じむ！
114	erobbs	1455644326	115		薫		KAorU/M./QDl	薫	2017-11-06 14:43:45	CAP_USER	 もう昼だけど。
115	erobbs	1455644326	116					Jim＠ヨガピッグ	2017-11-07 07:01:53	CAP_USER	" >>115 
おはようございます。"
116	erobbs	1455644326	117		薫		KAorU/M./QDl	薫	2017-11-07 14:25:50	CAP_USER	" こんにちは！ 
ハッピーアフタヌーンですねっ！"
117	erobbs	1455644326	118					ジム＠ヨガピッグ	2017-11-08 12:47:00	CAP_USER	 こんにちは
118	erobbs	1455644326	119		名無し編集部員	sage			2017-11-08 13:27:21	EYeQaLrJ	" こんにちは 
ひろゆきのtweetは見ましたか？ 
https://twitter.com/hiroyuki_ni/status/928062288539602944"
119	erobbs	1455644326	120		薫		KAorU/M./QDl	薫	2017-11-08 14:40:15	CAP_USER	 見ました。
120	erobbs	1455644326	121					ジム＠ヨガピッグ	2017-11-08 20:43:35	CAP_USER	" >>119 
Yes I saw that. I addressed it some time ago. He has already been beaten. This is just harassment action. 
https://twitter.com/xerxeswatkins/status/914330353514532864"
121	erobbs	1455644326	122		名無し編集部員				2017-11-08 20:59:53	XZgeYrPt	 ヘイ！ジミー　がんばれ！
122	erobbs	1455644326	123		名無し編集部員	sage			2017-11-08 21:10:15	EYeQaLrJ	" >>121 
良いですね 
裁判の方も勝てそうですか？"
123	erobbs	1455644326	124					ジム＠ヨガピッグ	2017-11-09 08:53:01	CAP_USER	" >>122 
頑張ります。 
>>123 
The users seem happy, so we already won."
124	erobbs	1455644326	125		名無し編集部員	sage			2017-11-09 15:47:10	OxRxn5oY	" >>122 
おまえもがんばれよー"
125	erobbs	1455644326	126		名無し編集部員				2017-11-10 00:27:42	XCHGqFy+	 gangさん居ないと頑張れない(。>ω<。)
126	erobbs	1455644326	127		薫		KAorU/M./QDl	薫	2017-11-10 02:49:46	CAP_USER	" ＞126 
gangさんて誰ですか？"
127	erobbs	1455644326	128		名無し編集部員	sage			2017-11-10 12:47:17	hEd1aeaY	" >>124 
Hallo Jim! 
I think ヨガピッグ is not lovely name! hahaha 
It is not easy on the eyes. 
Is there no other names?"
128	erobbs	1455644326	129					ジム＠ヨガピッグ	2017-11-11 07:04:47	CAP_USER	" >>128 
Good morning, it is used by people who don't like me. They think it makes me angry, but it 
actually describes me well. I have a pig farm, and I am a yoga instructor."
129	erobbs	1455644326	130		名無し編集部員	sage			2017-11-11 11:36:09	E5MFh4uC	 なるほどー、罵ってるつもりが的確な人物紹介になっていたということですかｗ
130	erobbs	1455644326	131					ヨガピッグ	2017-11-12 04:42:15	CAP_USER	" >>127 
The gangs all here."
131	erobbs	1455644326	132		名無し編集部員	sage			2017-11-17 17:27:29	SoMYkXf3	" oh dear 

　　　∧ ,,∧　　　　Hail, hail, the gang's all here 
　　 （ ´∀｀）∩　　　　What the heck do we care 
　　⊂l⌒⊂彡　　　　　　What the heck do we care 
　　　（＿） )　 ☆　　　　　　Hail, hail, the gang's all here 
　　　((（＿）☆　　　　　　　What the heck do we care now!  hahaha"
132	erobbs	1455644326	133		薫		KAorU/M./QDl	薫	2017-11-19 15:48:05	CAP_USER	" oh dear 

　　　∧ ,,∧　　　　Off the Florida Keys, there's a place called Kokomo 
　　 （ ´∀｀）∩　　　　That's where you want to go to get away from it all 
　　⊂l⌒⊂彡　　　　　　Bodies in the sand, tropical drink melting in your hand 
　　　（＿） )　 ☆　　　　　　Down in Kokomo 
　　　((（＿）☆　　　　　　　Aruba, Jamaica, oh I want to take you to 
　　　　　　　　　　　　　　　　　Bermuda, Bahama, come on pretty mama"
133	erobbs	1455644326	134		名無し編集部員	sage			2017-11-20 01:05:37	kP87IBLU	 happy birthday Jim-san！！
134	erobbs	1455644326	135						2017-11-20 01:14:15	nc6WJkd+	 Happy Birthday JIM!
135	erobbs	1455644326	136		Ｌchicken		Az/LdK4fIgQ8		2017-11-20 06:15:38	SxnAw1ci	 JIMsan！！ Please let  me celebrate your special day :-)
136	erobbs	1455644326	137		名無し編集部員				2017-11-20 15:00:52	VMkUm4NN	 happy birthday
137	erobbs	1455644326	138		名無し編集部員				2017-11-20 21:22:55	eTphSUjy	" Happy Birthday to You 
　　　　　Happy Birthday to You 
　　　　　　　　　Happy Birthday Dear Jim 
　　　　　　　　　　　　　　　Happy Birthday to You 

　 Λ＿Λ 　♪〜♪♪ 
　（　・∀・）　　　　 ♪　　　 ∧＿∧　　　　　 ／￣￣￣￣￣ 
 　（　つ「￣￣]　　　　　　　（__´∀｀） ∇　　＜　Happy Birthday! 
　（ 「￣　　　｜　　　　 　　（　 <y> ]つ　　　　＼＿＿＿＿ 
 　.　|＿_iiiiiiiiiiiii　　　　　　　 |＿_|＿| 
　　　　　　　　　　　　　　　  （_＿）＿） 
 　　　　　　　　　　　　　~~~~~~~~~~~~~~~"
138	erobbs	1455644326	139		名無し編集部員	sage			2018-01-24 17:14:34	vcHsC8b7	" What a nice summer love song in southern country! 
I will enjoy it this summer as well! :-)"
139	erobbs	1455644326	140		うふ〜ん	うふ〜ん				NG	うふ〜ん
140	erobbs	1455644326	141		うふ〜ん	うふ〜ん				NG	うふ〜ん
141	erobbs	1455644326	142		うふ〜ん	うふ〜ん				NG	うふ〜ん
142	erobbs	1455644326	143		名無し編集部員				2018-09-11 23:52:53	piRxAUT+	" 誰もいない… 

こんにちは、jimさん。いらっしゃいますか…？ 

5ちゃんねる、趣味カテゴリーの生き物苦手板(https://matsuri.5ch.net/cat/)が、 
どういう板になっているのかご存知でしょうか？ 
ここは動物殺害、虐待板です。 
いくつかの理由と共に、板の解体要望を出しました。 
よろしくお願いします。 

板カテゴリ変更申請スレッド（解体・新設・移動・統一・等） 
https://agree.5ch.net/test/read.cgi/operate/1491493828/43-44"
143	erobbs	1455644326	144		名無し編集部員				2018-09-18 09:06:44	P08pX5KF	" 台風、どうなった？ 
ジミーだいじょぶ？"
